"﻿""last_name"," first_name""",player_id,year,pa,k_percent,bb_percent,woba,xwoba,barrel_batted_rate,hard_hit_percent,exit_velocity_avg,whiff_percent
"Paez, Jedixson",699151,2026,16,0,18.8,.508,.494,23.1,46.2,95.3,16.7,
"Sheehan, Emmet",686218,2026,86,20.9,9.3,.363,.344,8.3,38.3,87.1,29.3,
"Jacob, Alek",689690,2026,9,33.3,11.1,.304,.343,25,50,92.4,47.1,
"Quintana, Jose",500779,2026,62,6.5,14.5,.405,.417,14.3,34.7,88.6,20,
"Svanson, Matt",694335,2026,67,16.4,16.4,.430,.425,6.8,56.8,93.3,16.5,
"Rutledge, Jackson",671131,2026,12,16.7,16.7,.664,.420,12.5,37.5,85.2,34.8,
"Taillon, Jameson",592791,2026,95,22.1,9.5,.353,.334,12.5,32.8,88.2,29.2,
"Walker, Taijuan",592836,2026,115,14.8,9.6,.464,.406,12.8,36,87.5,16.8,
"Miller, Erik",669062,2026,37,35.1,13.5,.323,.238,5.3,26.3,85.9,37.1,
"Romero, JoJo",668941,2026,48,12.5,8.3,.285,.353,5.4,37.8,89.9,11.7,
"Burke, Brock",656271,2026,45,28.9,8.9,.258,.290,10.7,39.3,89,35.6,
"Teng, Kai-Wei",678906,2026,61,26.2,9.8,.213,.269,2.6,38.5,89.2,22.5,
"Sands, Cole",663485,2026,43,23.3,9.3,.290,.306,3.4,51.7,94.4,22.7,
"Sale, Chris",519242,2026,115,25.2,6.1,.294,.284,7.9,30.3,87.6,24.7,
"Lawrence, Justin",664875,2026,55,27.3,9.1,.375,.384,15.2,42.4,91,27.8,
"Faucher, Calvin",676534,2026,39,30.8,20.5,.305,.335,10.5,52.6,91.7,30.4,
"Perkins, Jack",678022,2026,41,29.3,7.3,.306,.319,4.2,41.7,87.2,36.5,
"Lugo, Seth",607625,2026,116,24.1,8.6,.232,.316,9,39.7,90.4,22.5,
"Webb, Jacob",657097,2026,48,22.9,12.5,.438,.404,6.5,54.8,93.6,31.9,
"Gil, Luis",661563,2026,65,13.8,12.3,.335,.358,10.9,47.8,92.7,21.9,
"Anderson, Drew",623454,2026,54,18.5,13,.379,.379,8.3,38.9,89.3,24,
"Leasure, Jordan",673929,2026,47,19.1,10.6,.314,.410,24.2,42.4,90.8,23,
"Holmes, Grant",656550,2026,107,19.6,10.3,.266,.300,5.3,40,89.3,31.1,
"Montgomery, Mason",682254,2026,44,43.2,11.4,.352,.303,15,45,89.2,35.4,
"Smith, Shane",681343,2026,49,22.4,18.4,.432,.335,0,33.3,82.2,26,
"Roberts, Ethan",681799,2026,10,20,0,.239,.357,0,66.7,98,16.7,
"Pfaadt, Brandon",694297,2026,97,14.4,8.2,.323,.317,9.5,36.5,87.8,22.2,
"Hoffmann, Andrew",694851,2026,43,25.6,14,.316,.329,8,44,90.5,20,
"Legumina, Casey",668984,2026,53,17,5.7,.397,.352,10.5,55.3,93.4,20,
"Finnegan, Kyle",640448,2026,43,11.6,18.6,.263,.275,3.3,30,85.2,22.2,
"Williams, Devin",642207,2026,41,31.7,14.6,.482,.348,13.6,36.4,90.6,35,
"Scholtens, Jesse",669947,2026,62,21,4.8,.289,.328,6.8,38.6,87.9,23.1,
"Cruz, Steven",674444,2026,26,26.9,15.4,.529,.396,26.7,33.3,87.5,30,
"Freeland, Kyle",607536,2026,67,19.4,6,.292,.314,2.2,41.3,89,26.6,
"Zeferjahn, Ryan",666171,2026,52,26.9,11.5,.300,.246,3.2,29,86.9,31.3,
"Zerpa, Angel",672582,2026,51,13.7,9.8,.413,.417,7.7,51.3,92.8,16.7,
"Urquidy, José",664353,2026,36,16.7,5.6,.493,.314,7.1,42.9,89.2,27.4,
"Morejon, Adrian",670970,2026,56,23.2,3.6,.312,.300,2.4,29.3,84.1,36.3,
"Gray, Sonny",543243,2026,99,13.1,5.1,.331,.369,11.3,37.5,88.1,18.6,
"Foster, Cameron",671382,2026,21,28.6,19,.412,.294,0,18.2,82.5,34.1,
"Hurt, Kyle",669165,2026,12,41.7,0,.213,.215,0,16.7,84.7,50,
"Márquez, Germán",608566,2026,79,19,7.6,.373,.366,12.1,51.7,88.7,23.6,
"Bido, Osvaldo",674370,2026,54,14.8,16.7,.379,.355,8.6,45.7,90.3,22.2,
"Bassitt, Chris",605135,2026,108,9.3,12,.413,.385,3.7,35.4,87.5,20,
"Gordon, Tanner",685299,2026,36,27.8,11.1,.443,.327,13.6,31.8,87.7,27.1,
"Backhus, Kyle",679775,2026,33,30.3,3,.341,.277,9.1,31.8,90.5,17.2,
"Mize, Casey",663554,2026,117,27.4,8.5,.288,.287,8.1,44.6,88.9,27.5,
"Glasnow, Tyler",607192,2026,120,31.7,5.8,.204,.236,5.3,38.7,90.8,29.6,
"Mayza, Tim",641835,2026,53,24.5,9.4,.270,.271,5.9,44.1,88.7,24.7,
"Morgan, David",688158,2026,59,23.7,16.9,.377,.300,3,24.2,84.8,29.2,
"Henderson, Logan",701656,2026,9,33.3,11.1,.423,.272,0,40,88,31.6,
"Dodd, Dylan",689266,2026,16,25,6.3,.207,.242,0,27.3,88.8,19.2,
"McGreevy, Michael",700241,2026,105,14.3,4.8,.270,.395,14.1,36.5,87.9,14.1,
"Eflin, Zach",621107,2026,17,41.2,11.8,.389,.308,25,75,99.1,35.3,
"Nunez, Anthony",689296,2026,46,32.6,4.3,.214,.247,10.3,34.5,85.4,35.6,
"Sproat, Brandon",687075,2026,95,21.1,13.7,.394,.358,9.7,45.2,90.4,22.9,
"Brazobán, Huascar",623211,2026,45,22.2,4.4,.248,.291,3,33.3,86,27,
"Lucchesi, Joey",664192,2026,16,12.5,25,.474,.398,11.1,66.7,94.1,11.5,
"Weissert, Greg",669711,2026,43,34.9,9.3,.338,.334,13,39.1,89.8,25.6,
"Milner, Hoby",571948,2026,49,6.1,8.2,.279,.365,5,30,87.7,10.7,
"Rogers, Taylor",573124,2026,38,18.4,10.5,.333,.364,7.4,37,89.7,22.1,
"Lowder, Rhett",695076,2026,118,15.3,7.6,.271,.321,7.7,34.1,89.8,19.7,
"Curvelo, Luis",681168,2026,21,14.3,4.8,.410,.328,11.8,47.1,91.3,26.3,
"Feltner, Ryan",663372,2026,88,19.3,9.1,.393,.390,15.9,49.2,89.5,25.5,
"Bummer, Aaron",607481,2026,31,19.4,9.7,.331,.382,14.3,52.4,90.5,22.6,
"Smith, Burch",572143,2026,6,16.7,16.7,.323,.385,0,25,90,16.7,
"Gómez, Yoendrys",672782,2026,74,16.2,13.5,.397,.437,15.7,39.2,88.9,21,
"Bello, Brayan",678394,2026,92,14.1,13,.393,.400,11.9,35.8,88.5,33.3,
"Taylor, Grant",691799,2026,55,34.5,7.3,.277,.246,9.4,43.8,90,27.4,
"Mejia, Juan",675848,2026,56,19.6,8.9,.390,.347,2.6,41,90.1,26.3,
"Peralta, Freddy",642547,2026,112,25,8.9,.282,.315,6.9,41.7,88.7,30.2,
"Morris, Andrew",702193,2026,34,23.5,5.9,.368,.271,0,33.3,88.2,25.6,
"Gray, Peyton",682608,2026,3,33.3,0,.000,.099,0,50,94,60,
"Wells, Tyler",669330,2026,60,26.7,6.7,.332,.313,7.7,30.8,89.8,33.9,
"Speier, Gabe",642100,2026,41,22,7.3,.334,.319,10.7,25,85.1,25,
"Dreyer, Jack",676263,2026,40,27.5,10,.286,.298,12,48,90.5,23.9,
"Griffin, Foster",656492,2026,111,19.8,7.2,.325,.336,12.5,40,89.8,23.1,
"Beeter, Clayton",690925,2026,46,19.6,17.4,.271,.342,10.7,53.6,91.6,22.1,
"Imai, Tatsuya",837227,2026,44,29.5,25,.347,.321,0,36.8,85.8,35.1,
"Bolton, Cody",675989,2026,39,28.2,17.9,.349,.324,5,40,91,23,
"Early, Connelly",813349,2026,107,22.4,12.1,.313,.371,13.4,40.3,91.6,23,
"Halvorsen, Seth",678020,2026,4,50,25,.178,.352,0,100,95.5,20,
"Ribalta, Orlando",687377,2026,6,16.7,0,.151,.167,0,20,72.1,23.5,
"Parker, Mitchell",680730,2026,29,24.1,3.4,.316,.279,9.5,47.6,89.2,34.8,
"Kirby, George",669923,2026,129,20.9,6.2,.282,.274,5.4,47.3,91.3,19.8,
"Phillips, Tyler",663969,2026,63,28.6,14.3,.255,.304,11.4,45.7,90.9,36.6,
"Cantillo, Joey",676282,2026,103,29.1,11.7,.328,.307,11.7,43.3,90.4,28.3,
"Borucki, Ryan",621366,2026,34,23.5,5.9,.401,.310,8.3,45.8,85.5,38.8,
"Fernandez, Ryan",681676,2026,20,25,10,.407,.313,0,38.5,82.8,37.1,
"Harvey, Hunter",640451,2026,18,22.2,5.6,.423,.345,23.1,38.5,93.2,20,
"Orze, Eric",679358,2026,40,20,10,.294,.266,0,32.1,86,25,
"Javier, Cristian",664299,2026,48,8.3,18.8,.467,.407,12.1,36.4,89.6,22,
"Stanek, Ryne",592773,2026,54,25.9,18.5,.417,.356,10.3,55.2,94.8,38,
"Mears, Nick",683232,2026,35,17.1,11.4,.298,.344,12,52,90.5,21,
"Uribe, Abner",682842,2026,39,25.6,7.7,.304,.307,7.7,38.5,88.6,22.8,
"Holderman, Colin",670059,2026,14,21.4,14.3,.316,.386,22.2,77.8,92.1,28,
"Schultz, Paxton",687606,2026,35,20,2.9,.358,.388,16,40,91.1,21.1,
"Adam, Jason",592094,2026,19,10.5,5.3,.267,.275,6.7,20,81.2,31.4,
"Barco, Hunter",682995,2026,37,13.5,18.9,.457,.409,8.3,41.7,89.2,13.2,
"Manaea, Sean",640455,2026,70,17.1,10,.339,.355,11.8,41.2,89.6,19.5,
"Ohtani, Shohei",660271,2026,92,27.2,6.5,.197,.227,3.3,35,86.5,32.4,
"Brown, Ben",676962,2026,77,26,7.8,.257,.274,3.9,35.3,90.2,26.2,
"Nardi, Andrew",677053,2026,37,27,13.5,.355,.359,13.6,50,89.7,30.9,
"Sánchez, Cristopher",650911,2026,153,28.1,6.5,.353,.290,11,42,89.4,31.4,
"Ramírez, Yohan",670990,2026,69,24.6,13,.267,.281,4.8,33.3,85.6,29.4,
"Quantrill, Cal",615698,2026,16,31.3,12.5,.363,.316,22.2,55.6,94.7,26.3,
"Warren, Austin",681810,2026,7,57.1,0,.483,.241,33.3,66.7,97,53.3,
"Henriquez, Edgardo",683618,2026,30,26.7,10,.360,.307,5.6,16.7,84.3,27.3,
"Barlow, Scott",605130,2026,48,22.9,14.6,.300,.309,3.4,31,87.3,39.5,
"Laweryson, Cody",689520,2026,26,30.8,7.7,.246,.301,0,42.9,89.5,17.5,
"Morales, Luis",806960,2026,42,11.9,19,.565,.478,14.3,46.4,90.8,16.9,
"Suarez, Robert",663158,2026,40,27.5,2.5,.199,.247,0,35.7,88.1,26.8,
"Kinley, Tyler",641755,2026,42,23.8,11.9,.176,.247,0,11.5,79.7,29.3,
"Cecconi, Slade",677944,2026,115,17.4,10.4,.368,.388,12.5,37.5,88.2,21.3,
"Farris, Mitch",815083,2026,19,15.8,10.5,.376,.374,7.1,21.4,83.1,20.5,
"Keller, Mitch",656605,2026,115,16.5,7.8,.270,.300,2.3,38.4,86,21.2,
"Oviedo, Johan",670912,2026,18,16.7,5.6,.557,.485,23.1,61.5,92.4,13.5,
"Rolison, Ryan",669020,2026,3,0,0,.302,.109,0,0,77.5,0,
"Enns, Dietrich",608650,2026,20,35,25,.268,.311,12.5,50,94.5,35.1,
"Bernardino, Brennan",657514,2026,44,22.7,6.8,.275,.272,3.3,20,82.1,25.3,
"Banks, Tanner",621383,2026,51,23.5,13.7,.389,.334,3.1,21.9,84.7,21.6,
"Bender, Anthony",669622,2026,47,27.7,17,.334,.285,4.2,29.2,87.8,20.3,
"Waldron, Matt",663362,2026,47,14.9,8.5,.501,.341,5.7,34.3,86.9,14.5,
"Woodruff, Brandon",605540,2026,94,21.3,4.3,.261,.269,7.2,31.9,89.5,22.8,
"Rodriguez, Eduardo",593958,2026,120,15,10,.309,.349,6.7,37.8,90,16.9,
"Gerber, Joey",680702,2026,9,55.6,11.1,.323,.265,0,66.7,98,27.3,
"Abbott, Andrew",671096,2026,114,13.2,9.6,.360,.348,6.8,35.2,88.3,20.5,
"Flaherty, Jack",656427,2026,108,22.2,18.5,.326,.347,8.2,44.3,90.1,26.7,
"Tidwell, Blade",694918,2026,36,22.2,5.6,.255,.302,8,44,87.2,34.4,
"Gordon, Colton",676467,2026,36,30.6,2.8,.545,.372,13,47.8,87.8,18.9,
"Kremer, Dean",665152,2026,43,37.2,4.7,.321,.321,16,36,87.6,35.4,
"López, Reynaldo",625643,2026,95,21.1,11.6,.347,.347,6.3,34.9,86.4,20.2,
"Schweitzer, Tyler",805326,2026,7,14.3,14.3,.469,.296,0,40,93.2,33.3,
"Schreiber, John",670167,2026,39,10.3,15.4,.388,.402,7.1,50,93.8,11.3,
"Hancock, Emerson",676106,2026,105,26.7,3.8,.283,.313,12.5,36.1,90.2,23.6,
"Ryan, Joe",657746,2026,132,25,6.1,.282,.277,11.2,36,88.2,24.5,
"Hamilton, Ian",641656,2026,7,14.3,28.6,.516,.467,0,50,94.2,25,
"Suarez, Ranger",624133,2026,107,17.8,7.5,.292,.350,10,42.5,88.8,17.1,
"Cameron, Noah",702070,2026,89,19.1,6.7,.375,.403,15.2,48.5,90.7,24.3,
"Fluharty, Mason",689254,2026,38,31.6,10.5,.340,.242,9.1,31.8,85.6,35.1,
"Herget, Jimmy",623474,2026,46,23.9,4.3,.226,.312,12.5,34.4,88.8,25.3,
"Scherzer, Max",453286,2026,68,14.7,7.4,.352,.382,11.5,34.6,88.8,16.3,
"Varland, Gus",681402,2026,43,25.6,7,.366,.359,13.8,55.2,92.3,28.6,
"Pallette, Peyton",688883,2026,44,25,9.1,.278,.361,11.1,40.7,93,28.9,
"Vodnik, Victor",680767,2026,54,14.8,11.1,.436,.340,7.7,41,91.4,24.1,
"Kochanowicz, Jack",686799,2026,122,15.6,13.9,.268,.358,8.2,42.4,91.1,22.8,
"Lynch IV, Daniel",663738,2026,34,35.3,8.8,.149,.210,0,33.3,84.8,44.3,
"Vest, Will",676684,2026,44,25,11.4,.275,.256,3.6,28.6,88.4,32.3,
"Rodriguez, Bradgley",699134,2026,49,24.5,6.1,.218,.189,0,29.4,87,32.7,
"Raley, Brooks",548384,2026,36,27.8,11.1,.258,.342,13.6,36.4,90.2,23.6,
"Latz, Jacob",656641,2026,49,24.5,6.1,.157,.209,8.8,47.1,89.5,25.5,
"Ginkel, Kevin",656464,2026,48,31.3,6.3,.276,.249,6.7,40,89.3,32.3,
"Roupp, Landen",694738,2026,110,28.2,10.9,.237,.262,0,23.8,85.5,25.4,
"Peterson, David",656849,2026,125,19.2,8.8,.362,.344,4.5,47.7,89.9,23.8,
"Peralta, Wandy",593974,2026,49,22.4,6.1,.356,.301,5.7,34.3,88.3,26.4,
"Warren, Will",701542,2026,105,29.5,5.7,.282,.306,7.5,44.8,90.6,23.8,
"Nelson, Ryne",669194,2026,96,20.8,9.4,.345,.355,10.6,51.5,91.2,25.9,
"Castillo, Luis",622491,2026,109,21.1,8.3,.373,.358,11.8,47.4,92.5,25.4,
"Blackburn, Paul",621112,2026,39,12.8,7.7,.353,.330,0,45.2,90.3,15.4,
"Bednar, David",670280,2026,49,26.5,10.2,.302,.254,0,32.3,85.1,25,
"Seabold, Connor",657756,2026,46,23.9,6.5,.348,.260,6.5,29,87,24,
"Garcia, Robert",676395,2026,34,17.6,20.6,.291,.335,0,33.3,88.8,30.6,
"Civale, Aaron",650644,2026,112,18.8,6.3,.318,.324,6.1,50,91.5,21.4,
"Mahle, Tyler",641816,2026,114,22.8,12.3,.378,.371,13.5,36.5,90.4,22.3,
"Alvarado, José",621237,2026,45,24.4,11.1,.392,.302,0,22.2,84.7,31,
"Schultz, Noah",702273,2026,38,26.3,13.2,.247,.258,0,30.4,87.7,25,
"Junis, Jakob",596001,2026,48,12.5,8.3,.201,.327,2.8,30.6,83.8,12,
"Festa, Matt",670036,2026,55,20,3.6,.325,.304,7.3,43.9,87.3,25,
"Fleming, Josh",676596,2026,18,5.6,11.1,.488,.472,7.1,64.3,92.4,13.5,
"Harrison, Kyle",690986,2026,77,23.4,9.1,.328,.332,6.1,32.7,90.1,25.6,
"Nance, Tommy",667297,2026,46,23.9,10.9,.344,.327,6.7,30,84.7,21.1,
"Avila, Luinder",679883,2026,33,18.2,12.1,.576,.428,13,47.8,90.9,20.8,
"Gaddis, Hunter",683769,2026,16,37.5,6.3,.289,.146,0,22.2,86.7,43.8,
"Treinen, Blake",595014,2026,30,20,10,.373,.421,19,47.6,89,25.9,
"Moll, Sam",594580,2026,47,19.1,14.9,.244,.298,0,22.2,85.4,21.9,
"Roycroft, Chris",688297,2026,25,12,20,.500,.353,5.9,29.4,83.2,10.3,
"Murray, Jayden",681151,2026,19,26.3,21.1,.360,.263,0,20,85.9,35.5,
"Wrobleski, Justin",680736,2026,92,9.8,5.4,.213,.311,5.1,37.2,87.7,12,
"Bubic, Kris",663460,2026,113,25.7,11.5,.292,.343,11.3,39.4,90.2,29.5,
"Pivetta, Nick",601713,2026,66,36.4,9.1,.252,.213,2.8,30.6,86.2,26.1,
"Pushard, Matt",690155,2026,7,14.3,14.3,.490,.412,0,40,85.2,15.4,
"Gilbert, Tyler",656457,2026,15,13.3,20,.568,.546,30,50,95.3,12.5,
"Lee, Dylan",669276,2026,43,25.6,4.7,.173,.215,3.3,33.3,86.3,34,
"Yamamoto, Yoshinobu",808967,2026,123,22.8,4.1,.259,.304,9,34.8,88,29.6,
"Hart, Kyle",606996,2026,60,11.7,8.3,.293,.315,4.3,26.1,85.5,14.6,
"Rivera, Eduardo",700842,2026,10,30,0,.091,.187,0,42.9,95.5,42.1,
"Martin, Chris",455119,2026,29,24.1,0,.463,.399,9.5,52.4,95.7,28.3,
"Rashi, Taylor",688497,2026,15,26.7,6.7,.308,.327,10,40,85.3,43.3,
"Ponce, Cody",664074,2026,10,30,10,.200,.244,0,33.3,87.9,51.7,
"Leiter Jr., Mark",643410,2026,54,20.4,7.4,.414,.372,7.9,42.1,87.5,28.6,
"Fairbanks, Pete",664126,2026,36,36.1,2.8,.306,.239,14.3,42.9,92.8,30,
"Chapman, Aroldis",547973,2026,30,26.7,10,.285,.345,16.7,50,92.3,37,
"Valdez, Framber",664285,2026,127,15.7,7.1,.276,.290,4.1,41.2,88.9,17.6,
"Fuentes, Didier",800311,2026,33,33.3,6.1,.338,.314,15,40,90.1,29.7,
"Bazardo, Eduard",660825,2026,43,20.9,11.6,.287,.248,3.4,37.9,89.7,16,
"Little, Brendon",663893,2026,24,25,12.5,.691,.408,13.3,53.3,93.1,27.5,
"Jansen, Kenley",445276,2026,28,28.6,10.7,.280,.281,5.9,29.4,86.5,27.3,
"Mattson, Isaac",676755,2026,57,17.5,10.5,.272,.367,9.8,51.2,91.8,18.1,
"Aldegheri, Sam",691951,2026,8,25,12.5,.464,.361,20,20,88.5,28.6,
"Bowlan, Jonathan",680742,2026,29,27.6,3.4,.288,.205,0,30,86.5,31.6,
"Sterner, Justin",686993,2026,60,26.7,8.3,.339,.293,7.7,53.8,92.4,28.8,
"Lange, Alex",656638,2026,50,34,12,.396,.345,19.2,53.8,93.5,35.2,
"Verlander, Justin",434378,2026,19,5.3,10.5,.482,.475,12.5,56.3,93.5,15.4,
"Bigge, Hunter",685801,2026,32,9.4,21.9,.276,.376,9.1,36.4,88.6,26.5,
"Muñoz, Roddery",682610,2026,25,24,24,.597,.443,15.4,76.9,95.5,43.5,
"Ashcraft, Braxton",677952,2026,116,27.6,7.8,.257,.231,4.1,31.1,89,30.9,
"Weathers, Ryan",677960,2026,116,31,6.9,.320,.340,12.5,43.1,88.2,27.4,
"Sabrowski, Erik",681870,2026,46,41.3,10.9,.238,.245,9.1,36.4,92.9,36.5,
"Santana, Dennis",642701,2026,45,20,11.1,.184,.302,3.3,26.7,84.8,26.2,
"Watson, Ryan",670245,2026,67,11.9,10.4,.391,.435,17.6,43.1,89.9,22.8,
"Morillo, Juan",666661,2026,50,28,8,.226,.234,6.3,34.4,86.3,34,
"Gage, Matt",657424,2026,38,18.4,13.2,.254,.329,7.7,26.9,86.9,27.9,
"Cano, Yennier",666974,2026,31,29,3.2,.220,.331,14.3,52.4,90.1,31.5,
"Nola, Aaron",605400,2026,115,25.2,8.7,.358,.342,7.9,42.1,89.6,27.4,
"Brash, Matt",666374,2026,29,17.2,6.9,.155,.327,9.1,40.9,91.3,29.5,
"Rangel, Alan",660604,2026,12,41.7,0,.258,.273,0,14.3,86.1,31.6,
"Fisher, Braydon",680755,2026,47,27.7,6.4,.304,.311,10,43.3,89.9,31.2,
"May, Dustin",669160,2026,106,18.9,4.7,.395,.330,6.3,46.8,89.4,14.5,
"Assad, Javier",665871,2026,68,13.2,5.9,.310,.339,5.5,49.1,90,14.2,
"De los Santos, Yerry",660787,2026,9,11.1,22.2,.592,.347,0,16.7,88.1,0,
"Santillan, Tony",663574,2026,39,30.8,15.4,.179,.257,4.8,38.1,86.5,31.3,
"Chandler, Bubba",696149,2026,108,19.4,14.8,.335,.359,8.6,37.1,88.7,23.6,
"Granillo, Andre",701552,2026,23,4.3,21.7,.480,.489,17.6,47.1,94.4,3.4,
"Cavalli, Cade",676917,2026,116,24.1,10.3,.349,.313,4.2,31.9,88.1,23.6,
"Herrin, Tim",682120,2026,28,10.7,14.3,.322,.286,0,10,83,30.2,
"Martin, Davis",663436,2026,118,22,5.9,.286,.340,7.1,51.2,92,22.2,
"Sisk, Evan",681895,2026,31,32.3,9.7,.363,.260,0,41.2,86.6,25.9,
"Okert, Steven",595345,2026,46,19.6,10.9,.265,.299,6.3,15.6,84.1,24.5,
"Eovaldi, Nathan",543135,2026,122,23.8,6.6,.359,.321,7.1,46.4,91.1,30.7,
"Leiter, Jack",683004,2026,112,25.9,9.8,.329,.352,14.1,46.5,90.2,31.2,
"Miles, Spencer",693686,2026,49,20.4,8.2,.310,.351,5.7,31.4,86.5,23.4,
"Samaniego, Tyler",701719,2026,26,30.8,15.4,.228,.319,7.1,35.7,89.3,17.6,
"Webb, Logan",657277,2026,161,19.9,8.1,.318,.333,6.2,49.6,91.2,20.1,
"Montero, Keider",672456,2026,85,21.2,3.5,.233,.229,3.1,40.6,90.1,19,
"Myers, Tobias",668964,2026,64,21.9,3.1,.228,.267,4.2,39.6,89.3,20.3,
"Hill, Jaden",677955,2026,44,25,15.9,.268,.309,4,32,87.5,31.1,
"Gausman, Kevin",592332,2026,113,31,5.3,.243,.284,9.7,38.9,87.1,31,
"Maton, Phil",664208,2026,24,20.8,16.7,.488,.505,23.1,38.5,89.2,19.6,
"Junk, Janson",676083,2026,110,15.5,6.4,.295,.299,4.8,40.5,90.8,21,
"Povich, Cade",700249,2026,48,14.6,6.3,.247,.303,7.9,39.5,89.9,28.6,
"Shugart, Chase",663767,2026,27,22.2,7.4,.326,.312,5.6,27.8,82.4,16.2,
"Baz, Shane",669358,2026,126,18.3,7.9,.377,.329,6.6,38.5,88.7,23.7,
"Dotel, Wilber",696062,2026,13,7.7,23.1,.395,.441,11.1,66.7,95.3,17.6,
"Cleavinger, Garrett",664076,2026,14,21.4,28.6,.373,.409,14.3,57.1,92.5,33.3,
"Allard, Kolby",663465,2026,45,20,6.7,.476,.386,15.6,43.8,89.9,17.4,
"Loáisiga, Jonathan",642528,2026,49,20.4,4.1,.324,.303,5.6,41.7,89.9,26.7,
"Kelly, Merrill",518876,2026,50,16,14,.506,.513,25.7,51.4,93.8,30.7,
"Alcantara, Sandy",645261,2026,140,16.4,8.6,.261,.271,4.8,37.5,89.1,26.5,
"Ober, Bailey",641927,2026,111,21.6,8.1,.301,.315,9.1,33.8,86.4,22.9,
"Tolle, Payton",801139,2026,22,50,4.5,.210,.151,0,40,90.1,40.9,
"Bellozo, Valente",678368,2026,48,16.7,14.6,.429,.476,15.6,50,91.3,29.5,
"Suárez, Albert",544150,2026,36,11.1,5.6,.351,.397,13.3,43.3,91.2,20.9,
"Alexander, Tyler",641302,2026,55,21.8,7.3,.275,.241,0,23.7,87.1,14.3,
"Holton, Tyler",663947,2026,49,16.3,14.3,.344,.368,6.1,51.5,92.4,19.8,
"Springs, Jeffrey",605488,2026,116,23.3,7.8,.269,.281,8.8,31.3,86.3,27,
"Imanaga, Shota",684007,2026,108,29.6,5.6,.219,.250,7.1,42.9,89.8,30.4,
"Martin, Corbin",656686,2026,11,9.1,9.1,.147,.274,0,44.4,90.3,18.2,
"Rasmussen, Drew",656876,2026,74,27,4.1,.221,.269,11.8,39.2,88.4,22.6,
"Megill, Trevor",656730,2026,42,23.8,9.5,.322,.339,11.1,44.4,92,31.1,
"Scott, Tanner",656945,2026,37,24.3,2.7,.174,.271,7.4,33.3,89.3,30.1,
"Kimbrel, Craig",518886,2026,18,22.2,11.1,.331,.365,0,33.3,90.2,21.9,
"Mlodzinski, Carmen",669387,2026,108,24.1,9.3,.303,.305,2.8,57.7,92.6,20,
"Wolfram, Grant",664991,2026,45,35.6,2.2,.328,.254,4,36,87.8,28.7,
"Cabrera, Edward",665795,2026,119,18.5,9.2,.287,.307,10.5,37.2,91.2,24.9,
"Muñoz, Andrés",662253,2026,42,35.7,11.9,.354,.366,13.6,50,88.3,40.9,
"Whitlock, Garrett",676477,2026,37,32.4,13.5,.261,.362,15,35,89.1,26.3,
"Pop, Zach",647315,2026,31,19.4,9.7,.276,.319,4.8,47.6,93.3,15.4,
"Nicolas, Kyle",693312,2026,35,20,28.6,.403,.411,5.6,33.3,87.5,30.4,
"Liberatore, Matthew",669461,2026,117,13.7,8.5,.344,.342,7.7,40.7,90.7,18.1,
"Strahm, Matt",621381,2026,39,25.6,10.3,.368,.253,4.2,37.5,88.2,23.1,
"Abel, Mick",690953,2026,93,24.7,10.8,.335,.351,5.3,40.4,87.7,28.8,
"Marinaccio, Ron",676760,2026,56,19.6,7.1,.324,.318,4.9,34.1,87.7,29.8,
"King, Michael",650633,2026,112,23.2,12.5,.283,.325,10.4,37.3,89.2,26.9,
"Kelly, Zack",677161,2026,34,17.6,2.9,.227,.379,14.8,37,87.5,16.9,
"Barnett, Mason",686930,2026,9,11.1,22.2,.259,.313,0,33.3,89.4,16.7,
"Fernández, Julian",642759,2026,18,16.7,11.1,.296,.302,7.7,53.8,91.2,27.6,
"Severino, Luis",622663,2026,111,24.3,18,.384,.376,11.3,46.8,89.6,25.3,
"Agnos, Zach",688642,2026,75,21.3,9.3,.365,.339,9.6,34.6,85.4,28.3,
"Arrighetti, Spencer",681293,2026,52,25,15.4,.313,.353,3.6,25,86.6,35.8,
"Estrada, Lazaro",681751,2026,14,21.4,14.3,.101,.273,0,22.2,76.8,23.5,
"Prielipp, Connor",687570,2026,17,35.3,0,.258,.260,18.2,54.5,96.4,22.7,
"Rocker, Kumar",677958,2026,90,21.1,8.9,.298,.310,6.5,43.5,89,24.9,
"Klein, Will",694361,2026,40,25,7.5,.298,.248,3.7,29.6,88.3,19.4,
"Sewald, Paul",623149,2026,39,30.8,7.7,.312,.318,16.7,50,93.2,27.2,
"Johnson, Seth",686751,2026,21,19,14.3,.371,.365,15.4,30.8,84.9,17.5,
"Newcomb, Sean",656794,2026,70,18.6,8.6,.359,.312,3.9,35.3,85.2,19.7,
"Davitt, Duncan",701474,2026,3,0,33.3,.237,.670,50,100,101.4,0,
"Falter, Bailey",663559,2026,20,20,10,.531,.296,0,21.4,86.9,28.6,
"Keller, Brad",641745,2026,42,21.4,7.1,.302,.259,3.3,36.7,86.3,24.1,
"Matz, Steven",571927,2026,102,24.5,9.8,.328,.352,13.6,40.9,89.1,26.3,
"Hoffman, Jeff",656546,2026,57,42.1,10.5,.393,.293,8,32,90.6,46.1,
"Eisert, Brandon",685126,2026,14,14.3,7.1,.608,.386,0,54.5,92.4,23.8,
"Burns, Chase",695505,2026,111,27,9.9,.272,.299,10,42,89.3,32.5,
"Armstrong, Shawn",542888,2026,47,27.7,14.9,.343,.344,11.5,50,90.9,26.5,
"Sulser, Cole",642121,2026,62,14.5,11.3,.358,.382,13,47.8,90.1,22.3,
"Lovelady, Richard",663992,2026,50,20,14,.321,.305,3,36.4,88.8,24.7,
"Soroka, Michael",647336,2026,115,29.6,6.1,.306,.338,12.7,43.7,90.7,23.5,
"Crow, Coleman",689441,2026,21,19,4.8,.259,.334,12.5,31.3,88.5,7.7,
"Casparius, Ben",676508,2026,23,17.4,17.4,.412,.386,13.3,26.7,88.8,35,
"Gilbert, Logan",669302,2026,136,25.7,5.1,.343,.308,7.6,46.7,91.3,30.5,
"Morán, Jovani",663558,2026,54,27.8,14.8,.240,.246,6.5,25.8,86,34.6,
"Harris, Hogan",663687,2026,65,20,18.5,.277,.286,2.6,20.5,85,22.8,
"Morgan, Eli",669212,2026,43,20.9,14,.311,.359,3.6,42.9,87.7,23.1,
"Henry, Cole",669371,2026,35,22.9,14.3,.386,.334,4.8,38.1,89.6,23.8,
"Roa, Christian",685005,2026,43,14,16.3,.432,.419,7.4,63,91.8,24.7,
"Blubaugh, AJ",805123,2026,72,19.4,12.5,.359,.313,10.2,38.8,92.1,28.3,
"Bradish, Kyle",680694,2026,115,24.3,11.3,.372,.306,8.1,37.8,87.1,25.4,
"Weaver, Luke",596133,2026,42,16.7,9.5,.280,.351,12.9,35.5,89.6,27.3,
"Ginn, J.T.",669372,2026,86,19.8,9.3,.297,.281,6.6,31.1,85.9,25,
"Varland, Louis",686973,2026,46,41.3,6.5,.212,.199,0,29.2,86.9,31.5,
"Helsley, Ryan",664854,2026,43,34.9,16.3,.271,.272,4.8,57.1,91.3,41.8,
"Sims, Lucas",608371,2026,46,21.7,15.2,.360,.333,7.1,39.3,86.8,21.6,
"Ashcraft, Graham",668933,2026,47,29.8,12.8,.285,.275,3.7,44.4,89.7,33.7,
"Bradley, Taj",671737,2026,118,28.8,8.5,.277,.290,4.2,45.8,93.6,26.6,
"Fried, Max",608331,2026,156,20.5,6.4,.206,.243,2.7,30.4,86.3,22.7,
"Rogers, Tyler",643511,2026,50,10,8,.173,.214,0,19.5,82.3,11.6,
"Seymour, Ian",693855,2026,51,27.5,5.9,.366,.350,18.2,45.5,92.9,32.7,
"Johnson, Ryan",696270,2026,21,9.5,19,.512,.363,0,60,93.7,26.2,
"Miller, Mason",695243,2026,41,65.9,4.9,.101,.100,0,25,83.4,61,
"Lambert, Peter",663567,2026,48,33.3,8.3,.287,.275,7.7,34.6,86.3,41.5,
"Littell, Zack",641793,2026,117,12.8,6.8,.434,.424,14.9,46.8,93.4,13.8,
"Estévez, Carlos",608032,2026,7,0,28.6,.891,.631,20,80,94.7,11.1,
"Hudson, Bryan",663542,2026,49,28.6,14.3,.322,.322,0,37,91,24.5,
"Funderburk, Kody",681892,2026,42,19,16.7,.333,.392,8,36,88.5,17.5,
"Mantiply, Joe",573009,2026,35,34.3,8.6,.338,.301,10.5,42.1,89.9,21,
"Cannon, Jonathan",686563,2026,3,0,100,.710,.710,,,,100,
"Irvin, Jake",663623,2026,106,23.6,10.4,.318,.369,14.9,52.2,90.7,24.9,
"Williams, Gavin",668909,2026,115,34.8,14.8,.258,.300,13.8,48.3,92.5,32.2,
"Messick, Parker",800048,2026,113,25.7,7.1,.233,.285,2.7,29.3,86.8,25.4,
"Painter, Andrew",691725,2026,80,25,5,.330,.275,5.5,30.9,87.7,22.7,
"Anderson, Grant",681982,2026,50,22,12,.240,.253,6.1,48.5,88.1,25,
"Smith, Cade",671922,2026,53,28.3,7.5,.342,.300,11.8,44.1,91,28.1,
"Pérez, Cionel",672335,2026,57,14,15.8,.383,.471,15,65,95.6,23.1,
"Beeks, Jalen",656222,2026,44,25,6.8,.267,.289,6.7,40,88.4,26.7,
"Lord, Brad",695418,2026,78,16.7,5.1,.303,.343,8.5,50.8,89.9,22.6,
"Chivilli, Angel",683409,2026,13,23.1,23.1,.481,.396,16.7,33.3,82.9,35,
"Horton, Cade",690990,2026,26,15.4,7.7,.240,.284,5,35,85.8,23.3,
"Leahy, Kyle",681517,2026,111,13.5,9.9,.387,.371,11,50,90.8,19.8,
"Estrada, Jeremiah",669093,2026,30,26.7,16.7,.305,.388,17.6,47.1,84.5,33.3,
"Young, Brandon",687064,2026,18,11.1,11.1,.180,.278,7.1,50,89.4,17.2,
"Abreu, Bryan",650556,2026,43,27.9,30.2,.524,.431,16.7,61.1,91.3,35.7,
"Crochet, Garrett",676979,2026,116,25.9,7.8,.396,.366,11,43.8,89.6,23,
"Misiorowski, Jacob",694819,2026,111,37.8,10.8,.285,.273,5.6,38.9,87.6,39.3,
"Hill, Tim",657612,2026,33,9.1,0,.137,.210,0,50,90.3,13.8,
"Pallante, Andre",669467,2026,91,13.2,12.1,.324,.363,9.1,43.9,89.3,22.4,
"Brown, Hunter",686613,2026,43,39.5,14,.213,.216,0,30,85.6,26,
"Bird, Jake",656234,2026,32,28.1,3.1,.361,.313,14.3,42.9,93.6,35.4,
"Sanders, Cam",676742,2026,6,33.3,16.7,.635,.340,33.3,33.3,97.4,28.6,
"Scott, Christian",681035,2026,10,10,50,.429,.450,0,0,80.6,15.4,
"Romano, Jordan",605447,2026,35,34.3,14.3,.375,.309,11.1,50,90,38.1,
"Gallen, Zac",668678,2026,110,12.7,6.4,.353,.361,10.1,47.2,92.2,16.2,
"Thielbar, Caleb",573204,2026,37,29.7,10.8,.276,.250,9.1,31.8,87.9,26.1,
"Doval, Camilo",666808,2026,37,21.6,2.7,.325,.274,3.6,50,90.6,29.4,
"Medina, Luis",665622,2026,38,26.3,13.2,.266,.338,17.4,39.1,90.6,32.4,
"Garcia, Rico",670329,2026,41,31.7,9.8,.120,.213,4.2,16.7,82,38,
"McLean, Nolan",690997,2026,114,33.3,7,.213,.224,6,29.9,85.8,27.3,
"Franco, Jose",683742,2026,27,14.8,18.5,.381,.311,0,27.8,83.2,9.6,
"Raquet, Nick",675919,2026,10,0,10,.574,.507,12.5,37.5,91.8,5.3,
"Vásquez, Randy",681190,2026,114,26.3,7,.283,.329,13.5,41.9,89.7,28.6,
"Walker, Ryan",676254,2026,47,25.5,12.8,.279,.277,6.9,27.6,83.1,20.3,
"Little, Luke",681432,2026,5,20,0,.601,.528,25,50,90,30,
"Englert, Mason",669438,2026,60,16.7,6.7,.436,.441,17.4,54.3,93.8,21.2,
"Burke, Sean",680732,2026,109,18.3,6.4,.327,.339,4.9,38.3,88.3,16.6,
"Senzatela, Antonio",622608,2026,60,28.3,6.7,.175,.216,2.6,33.3,86.9,26.9,
"De Los Santos, Enyel",660853,2026,39,20.5,7.7,.300,.231,3.6,28.6,86.3,25.9,
"Skubal, Tarik",669373,2026,142,26.8,4.2,.264,.279,5.2,39.2,88.8,29,
"Lopez, Jacob",682052,2026,114,14.9,16.7,.377,.307,5.1,26.9,85.1,21.3,
"Woodford, Jake",663765,2026,51,13.7,3.9,.361,.399,7.1,52.4,90.9,21.4,
"Burrows, Mike",681347,2026,122,20.5,7.4,.390,.315,5.7,35.6,87.2,27,
"Kelly, Kevin",687330,2026,40,25,10,.230,.325,12,60,92.6,27.8,
"Cease, Dylan",656302,2026,111,39.6,12.6,.258,.264,0,32.7,86.5,40.1,
"Winn, Cole",668390,2026,49,26.5,10.2,.314,.294,3.2,38.7,86.9,32,
"Waldichuk, Ken",686610,2026,40,20,12.5,.408,.399,19.2,38.5,89.3,27.4,
"Black, Mason",696131,2026,13,23.1,15.4,.417,.361,12.5,37.5,93.5,17.4,
"Erceg, Lucas",668674,2026,39,12.8,17.9,.366,.375,7.4,44.4,91.1,16,
"Woods Richardson, Simeon",680573,2026,114,11.4,8.8,.380,.340,8.8,40.7,89.9,16.6,
"Urena, Walbert",700712,2026,39,25.6,12.8,.310,.252,4.2,29.2,85.1,27.8,
"Mikolas, Miles",571945,2026,98,15.3,10.2,.425,.365,11,45.2,88.1,20.6,
"Wilcox, Cole",677961,2026,51,25.5,11.8,.394,.422,16.7,56.7,93.8,31.3,
"Vesia, Alex",681911,2026,31,32.3,9.7,.127,.253,5.6,27.8,84.2,36.4,
"Kelly, Michael",547184,2026,22,18.2,18.2,.463,.383,14.3,42.9,85.6,25.7,
"Skenes, Paul",694973,2026,88,26.1,8,.254,.247,5.5,29.1,85.6,24.3,
"Bibee, Tanner",676440,2026,131,19.8,8.4,.348,.339,8.5,53.2,93.1,27.5,
"Spence, Mitch",687765,2026,21,14.3,23.8,.433,.374,7.7,38.5,90.8,19.4,
"O'Brien, Riley",676617,2026,45,33.3,0,.146,.158,0,31,83.5,30.1,
"Buehler, Walker",621111,2026,92,21.7,9.8,.351,.350,4.8,38.7,91.2,23.8,
"Ross, Joe",605452,2026,22,9.1,18.2,.506,.470,12.5,37.5,87.9,33.3,
"Barnes, Charlie",656212,2026,17,5.9,17.6,.405,.393,0,41.7,92.5,10.5,
"Martinez, Nick",607259,2026,122,16.4,6.6,.277,.340,8.5,33,87,17.5,
"Graceffo, Gordon",700669,2026,44,13.6,13.6,.217,.358,6.5,51.6,93.6,14.8,
"Dollander, Chase",801403,2026,104,30.8,6.7,.281,.269,11.3,54.8,91.7,30.3,
"Houser, Adrian",605288,2026,101,10.9,6.9,.360,.359,9.8,43.9,89.8,18.2,
"Slaten, Justin",686580,2026,14,35.7,14.3,.231,.254,0,14.3,88.5,26.9,
"Kikuchi, Yusei",579328,2026,111,24.3,9.9,.365,.353,8.3,44.4,91.3,28.6,
"Ferrer, Jose A.",678606,2026,52,17.3,3.8,.374,.278,0,30,85.4,23.3,
"Hall, DL",669084,2026,51,27.5,19.6,.334,.340,15.4,38.5,88.3,28.6,
"Kay, Anthony",641743,2026,100,13,12,.368,.419,9.7,47.2,90.6,20.4,
"García, Luis",472610,2026,32,12.5,6.3,.427,.381,3.8,46.2,87.5,26.2,
"Rojas, Kendry",696070,2026,8,0,37.5,.541,.524,20,40,88.2,18.8,
"Lorenzen, Michael",547179,2026,115,13.9,5.2,.446,.373,6.7,50,90.5,22.3,
"Muñoz, Rolddy",691548,2026,12,25,8.3,.536,.429,25,62.5,94.2,33.3,
"Carrasco, Carlos",471911,2026,3,33.3,0,.000,.245,0,100,102.9,16.7,
"De Jesus, Enmanuel",646241,2026,47,19.1,12.8,.448,.367,6.3,37.5,91.4,16,
"Topa, Justin",623437,2026,51,13.7,9.8,.332,.344,7.7,38.5,89.2,10.3,
"Acton, Garrett",670183,2026,23,30.4,13,.198,.257,8.3,33.3,95.1,34.1,
"Schlittler, Cam",693645,2026,133,30.8,3,.202,.244,6.8,38.6,86.8,29.9,
"Kilian, Caleb",668873,2026,42,33.3,14.3,.200,.258,4.8,42.9,90,30.9,
"Woo, Bryan",693433,2026,123,21.1,4.9,.227,.253,5.6,43.8,88,24.2,
"Winn, Keaton",676775,2026,35,37.1,5.7,.166,.171,5,25,86.7,35.6,
"Uberstine, Tyler",700413,2026,11,18.2,9.1,.455,.379,12.5,37.5,87.4,30.8,
"Paddack, Chris",663978,2026,111,22.5,5.4,.372,.311,7.6,48.1,90.2,25.6,
"Pagán, Emilio",641941,2026,48,20.8,12.5,.321,.333,12.9,54.8,91.1,26.7,
"Baumler, Carter",691945,2026,27,22.2,22.2,.378,.362,7.1,50,91.8,30,
"Rogers, Trevor",669432,2026,122,20.5,6.6,.324,.295,5.7,28.4,87.8,26.6,
"Thompson, Ryan",657044,2026,40,15,12.5,.312,.319,7.1,32.1,87.7,19.4,
"Corbin, Patrick",571578,2026,59,20.3,6.8,.316,.378,12.2,46.3,91.1,21.4,
"Luzardo, Jesús",666200,2026,122,27,7.4,.349,.320,6.3,32.9,86.2,32.7,
"Kent, Zak",687849,2026,20,10,25,.514,.481,23.1,61.5,94.7,25,
"Hurter, Brant",676428,2026,37,16.2,8.1,.272,.334,7.1,28.6,87.8,16.4,
"Suarez, José",660761,2026,66,24.2,13.6,.348,.306,2.4,39,89.1,27,
"Sasaki, Roki",808963,2026,85,20,14.1,.412,.371,9.1,43.6,89.3,29.9,
"Poulin, PJ",676571,2026,56,14.3,14.3,.373,.398,10,57.5,92.8,14.9,
"Ritchie, JR",702275,2026,26,26.9,7.7,.320,.352,11.8,47.1,92.6,24.3,
"Koenig, Jared",657649,2026,13,30.8,15.4,.316,.230,0,71.4,98.5,35.3,
"Hicks, Jordan",663855,2026,54,11.1,18.5,.358,.303,0,34.2,91.8,14,
"Ashby, Aaron",676879,2026,67,35.8,13.4,.320,.279,8.8,41.2,89.6,37,
"Meyer, Max",676974,2026,111,25.2,9.9,.289,.332,8.6,38.6,89.2,30,
"Collyer, Gavin",686560,2026,15,20,20,.301,.365,0,14.3,91.9,25,
"Hiraldo, Yaramil",682274,2026,12,16.7,33.3,.662,.520,33.3,66.7,92.7,38.9,
"Voth, Austin",608723,2026,12,8.3,8.3,.318,.284,0,40,91.9,11.1,
"Brubaker, JT",664141,2026,48,16.7,16.7,.348,.400,6.3,31.3,87.1,29.1,
"King, John",667463,2026,38,28.9,10.5,.179,.234,4.8,28.6,86.1,34.4,
"Rea, Colin",607067,2026,97,20.6,5.2,.266,.294,5.6,40.8,91.4,23.3,
"Anderson, Jack",681252,2026,32,18.8,6.3,.320,.373,12.5,45.8,87.4,19.7,
"McCullers Jr., Lance",621121,2026,86,24.4,10.5,.346,.332,9.3,50,90.5,25.8,
"Alvarez, Andrew",674841,2026,16,31.3,0,.274,.243,9.1,27.3,82.2,21.2,
"Wacha, Michael",608379,2026,123,22.8,8.1,.259,.338,9.5,45.2,89.6,26.7,
"Drohan, Shane",675660,2026,15,13.3,26.7,.371,.383,0,33.3,89.6,15,
"Headrick, Brent",687396,2026,59,23.7,8.5,.327,.313,5,37.5,91.1,30.6,
"Silseth, Chase",681217,2026,42,23.8,14.3,.328,.316,7.7,26.9,88.3,37.5,
"Bachman, Sam",696147,2026,54,27.8,14.8,.230,.293,9.7,32.3,85.8,37.9,
"Pomeranz, Drew",519141,2026,40,15,10,.342,.363,10.3,31,89.2,20,
"Iglesias, Raisel",628452,2026,31,35.5,3.2,.194,.169,0,31.6,87.1,40,
"Anderson, Shaun",641312,2026,61,14.8,9.8,.346,.358,8.9,40,87.4,25.5,
"Kuhnel, Joel",669270,2026,30,10,0,.254,.375,0,48.1,91,17.6,
"Bruihl, Justin",677865,2026,56,10.7,14.3,.308,.392,7.5,40,85.4,18,
"King, Bryan",687911,2026,50,24,10,.337,.306,0,30,88.2,20.6,
"Alvarado, Elvis",665660,2026,44,20.5,15.9,.410,.412,25,50,91.3,34.8,
"Gore, MacKenzie",669022,2026,108,32.4,11.1,.310,.342,16.7,48.3,89.8,28.4,
"Cruz, Fernando",518585,2026,33,30.3,21.2,.283,.312,6.7,13.3,84.9,37.9,
"McClanahan, Shane",663556,2026,80,22.5,13.8,.278,.342,12,44,89.6,23.4,
"Boyle, Joe",671212,2026,66,24.2,9.1,.263,.329,4.5,43.2,87.3,26.4,
"Murphy, Chris",669684,2026,32,18.8,15.6,.438,.321,9.5,38.1,87.8,31.4,
"Díaz, Edwin",621242,2026,33,30.3,15.2,.404,.333,5.9,35.3,89.2,20.7,
"Banda, Anthony",607455,2026,49,20.4,6.1,.424,.336,9.4,37.5,91.2,25,
"Senga, Kodai",673540,2026,82,26.8,12.2,.417,.316,10,42,89.4,30.6,
"Soriano, José",667755,2026,140,30.7,9.3,.191,.265,8.3,29.8,86.7,33.5,
"Johnson, Pierce",572955,2026,44,27.3,4.5,.328,.394,16.7,40,90.9,25,
"Criswell, Cooper",681867,2026,40,22.5,7.5,.283,.341,10.7,53.6,93,20.8,
"Payamps, Joel",606303,2026,25,28,12,.413,.404,20,46.7,93.6,29.2,
"Gusto, Ryan",687473,2026,3,33.3,0,.000,.579,50,100,103.6,50,
"Singer, Brady",663903,2026,110,14.5,6.4,.382,.357,7.1,44.7,91.7,19.4,
"Shuster, Jared",694363,2026,15,6.7,13.3,.241,.260,0,50,88.1,9.5,
"Brogdon, Connor",641401,2026,42,21.4,4.8,.347,.366,16.1,41.9,91.5,28.9,
"Bachar, Lake",669199,2026,48,31.3,14.6,.255,.263,8,32,87.7,38.7,
"Pérez, Martín",527048,2026,91,15.4,6.6,.289,.337,5.8,40.6,90.2,18.5,
"Soto, Gregory",642397,2026,50,38,12,.222,.224,4.2,20.8,82,33.7,
"Yarbrough, Ryan",642232,2026,34,11.8,8.8,.338,.304,4,24,87.8,15.7,
"Holmes, Clay",605280,2026,120,15.8,8.3,.270,.325,5.6,42.2,88.7,23.1,
"Ray, Robbie",592662,2026,114,27.2,9.6,.296,.340,15.3,33.3,87.1,28.9,
"Fedde, Erick",607200,2026,84,17.9,8.3,.301,.303,10,41.7,89.9,19.3,
"Wiemer, Joey",686894,2026,7,0,14.3,.466,.437,0,20,91.2,0,
"Higgins, P.J.",664731,2026,3,33.3,0,.000,.034,0,0,78,40,
"Duran, Jhoan",661395,2026,24,33.3,0,.205,.236,6.3,50,89.9,36.5,
"deGrom, Jacob",594798,2026,101,34.7,6.9,.279,.277,10.2,39,91.7,32.2,
"Nikhazy, Doug",680951,2026,9,11.1,22.2,.259,.293,0,33.3,89,33.3,
"Sandlin, Nick",680704,2026,21,19,14.3,.366,.425,7.7,46.2,90.4,40,
"Baker, Bryan",641329,2026,35,25.7,8.6,.298,.264,4.3,21.7,86.4,39.4,
"Elder, Bryce",693821,2026,118,24.6,7.6,.250,.263,3.8,34.6,89.8,23.1,
"Clarke, Taylor",664199,2026,46,13,0,.249,.285,7.7,30.8,84.5,18.8,
"Boyd, Matthew",571510,2026,56,39.3,5.4,.283,.307,9.7,58.1,92.2,39.4,
"Phillips, Connor",683175,2026,71,21.1,19.7,.308,.360,7.5,35,88.6,29.7,
"Palencia, Daniel",694037,2026,19,26.3,10.5,.238,.311,8.3,41.7,84.6,41,
"Williamson, Brandon",682227,2026,112,13.4,14.3,.352,.403,10.3,41,88.2,22.3,
"Coulombe, Danny",543056,2026,29,13.8,10.3,.359,.328,4.8,23.8,84.4,18.2,
"Patrick, Chad",694477,2026,94,11.7,8.5,.313,.318,9.3,41.3,90.9,22.2,
"Detmers, Reid",672282,2026,120,25.8,6.7,.282,.266,6.4,35.9,88.5,29.6,
"Martin, Riley",702303,2026,32,31.3,9.4,.253,.252,5.3,42.1,90.9,20.3,
"Sugano, Tomoyuki",608372,2026,109,17.4,5.5,.321,.383,15.5,46.4,90.5,20.1,
"Martin, Trevor",694680,2026,9,22.2,0,.244,.285,14.3,71.4,92.9,23.1,
"Klassen, George",691946,2026,32,18.8,31.3,.481,.475,25,50,89.6,33.9,
"France, J.P.",641585,2026,31,12.9,16.1,.365,.422,14.3,42.9,89.9,15.1,
"Rodriguez, Carlos",692230,2026,17,29.4,0,.359,.183,0,25,85.2,36.8,
"Suter, Brent",608718,2026,66,25.8,12.1,.323,.294,9.8,31.7,85.6,29.4,
"Jax, Griffin",643377,2026,44,22.7,15.9,.421,.388,11.1,48.1,91.5,30.1,
"Weiss, Ryan",680802,2026,91,24.2,15.4,.436,.372,10.9,50.9,90.9,23.5,
"Soriano, George",666277,2026,40,20,15,.243,.323,8,28,88.8,25,
"Ragans, Cole",666142,2026,92,23.9,19.6,.392,.394,17.3,40.4,89.5,26.7,
"Petersen, Michael",656848,2026,42,26.2,9.5,.225,.283,14.8,33.3,90.8,24.7,
"Buttó, José",676130,2026,16,31.3,25,.690,.497,14.3,42.9,84.2,40.9,
"Pérez, Eury",691587,2026,112,24.1,10.7,.338,.344,15.5,45.1,89.6,30.9,
"Lauer, Eric",641778,2026,103,18.4,11.7,.376,.337,11.3,32.4,88.3,20.3,
"Domínguez, Seranthony",622554,2026,44,27.3,18.2,.332,.364,9.1,36.4,90.4,29.9,
"Kerkering, Orion",689147,2026,35,14.3,14.3,.370,.245,8,20,78,21.2,
"Eder, Jake",671109,2026,5,0,20,.323,.361,0,50,92.5,7.7,
